ID,internal name,File name,Display name,Image type,Type,Series,,NG Unlocks,NG level
1,RagtimeMouse,Ragtime Mouse,Ragtime Mouse,Avatar,Boss,Ragtime,,Character: Pupu,1
2,Narshegrunt,1 - Narshe grunt & wolves,Narshe grunt & wolves,Spritesheet,Boss,6,,Passive: Battle Cry,2
3,Ymir,2 - Ymir,Ymir,Spritesheet,Boss,6,,Passive: Guardian,3
4,Captain6,3 - Captain & wolves,Captain & wolves,Avatar,Boss,6,,Character: Seymour Omnis,4
5,MagitekArmor6,4 - Magitek Armor,Magitek Armor,Spritesheet,Boss,6,,Passive: Manaburn,5
6,Vargas,5 - Vargas,Vargas,Avatar,Boss,6,,Passive: Drain,6
7,Ultros1,6 - Ultros,Ultros,Avatar,Boss,6,,Character: Dark Invoker,7
8,General6,7 - General & Gestrals,General & Gestals,Spritesheet,Boss,6,,Passive: Aspir,8
9,PhantomTrain,8 - Phantom Train,Phantom Train,Avatar,Boss,6,,Passive: Wind Blessing,9
10,Underwater1,9 -  Anguiform & minions,Anguiform & Minions,Spritesheet,Boss,6,,Passive: Shield Mastery,10
11,TunnelArmor,10 - Tunnel Armor,Tunnel Armor,Avatar,Boss,6,,Character: Mog,11
12,KefkaNarshe,11 - KefkaNarshe,Kefka,Avatar,Boss,6,,Passive: Taunt,12
13,Dadaluma,12 - Dadaluma,Dadaluma,Avatar,Boss,6,,Passive: Rampant,13
14,Ultros2,13 - Ultros,Ultros,Avatar,Boss,6,,Passive: Critical,14
15,Ifrit6,14 - Ifrit & shiva,Ifrit & shiva,Avatar,Boss,6,,Character: Galuf,15
16,MagicMaster,15 - Magic Master,Magic Master,Avatar,Boss,6,,Passive: Paralysis,16
17,Crane1,16 - Crane1,Crane,Avatar,Boss,6,,Passive: Stunning,17
18,Gestal2,17 - Gestal,Gestal,Avatar,Boss,6,,Character: Tellah,18
19,Flame Eater,18 - Flame Eater,Flame Eater,Avatar,Boss,6,,Passive: Tower,19
20,Ultros3,19 - Ultros & Typhon,Ultros & Typhon,Avatar,Boss,6,,Passive: Temperance,20
21,AirForce,20 - AirForce & minions,AirForce & Minions,Avatar,Boss,6,,Passive: Ancient Lineage,21
22,UltimaWeapon6,21 - UltimaWeapon,Ultima Weapon,Avatar,Boss,6,,Character: Relm,22
23,Nefrala,22 - Nefrala & nepala,Nefrala & Nepala,Avatar,Boss,6,,Passive: Momentum,23
24,Tentacle,23 - Tentacles,Tentacles,Avatar,Boss,6,,Passive: Time Limit,24
25,Angler Whelk,24 - Angler Whelk,Angler Whelk,Avatar,Boss,6,,Passive: Darkness,25
26,Dullahan,25 - Dullahan,Dullahan,Avatar,Boss,6,,Character: Squall Space,26
27,BehemotKing,26 - BehemotKing,Behemoth King,Avatar,Boss,6,,Passive: Safety,27
28,Chadarnook1,27 - Chadarnook,Chadarnook,Avatar,Boss,6,,Passive: Cleanse,28
29,Stooge1,28 - Stooges,Dream Stooges,Avatar,Boss,6,,Passive: Keen Eye,29
30,Wrexsoul,29 - Wrexsoul % minions,Wrexsoul & Minions,Avatar,Boss,6,,Passive: High Motion,30
31,Valigarmanda,30 - Valigarmanda,Valigarmanda,Avatar,Boss,6,,Character: Rikku X2,31
32,Yeti1,31 - Yeti,Yeti,Avatar,Boss,6,,Passive: Wound,32
33,Humbaba,32 - Humbaba,Humbaba,Avatar,Boss,6,,Passive: Elemental,33
34,Magic Master 2,33 - Magic Master,Magic Master,Avatar,Boss,6,,Passive: Thunder Mastery,34
35,Hidon,34 - Hidon & minion,Hidon & Minion,Avatar,Boss,6,,Character: Penelo,35
36,Master Tonberry,35 - Master Tonberry,Master Tonberry,Avatar,Boss,6,,Passive: Bird Killer,36
37,Deathgaze6,36 - Deathgaze,Deathgaze,Avatar,Boss,6,,Passive: Hades,37
38,Inferno,37 - Inferno,Inferno,Avatar,Boss,6,,Passive: Sacrifice,38
39,Ultima Buster,38 - Ultima Buster,Ultima Buster,Avatar,Boss,6,,Character: Fang,39
40,Guardian,39 - Guardian,Guardian,Avatar,Boss,6,,Passive: Delay,40
41,Fiend,40 - Fiend,Fiend,Avatar,Boss,6,,Passive: Gunblade,41
42,Demon,41 - Demon,Demon,Avatar,Boss,6,,Passive: Magic Mastery,42
43,Goddess,42 - Goddess,Goddess,Avatar,Boss,6,,Passive: First Strike,43
44,Kefka11,43 - Kefka tower,Kefka tower,Avatar,Boss,6,,Passive: Magic Tune,44
45,Kefka21,44 - Kefka tower,Kefka tower,Avatar,Boss,6,,Passive: Relentless,45
46,Kefka31,45 - Kefka tower,Kefka tower,Avatar,Boss,6,,Passive: Crystal Bless,46
47,Kefka40,46 - God Kefka,God Kefka,Avatar,Boss,6,,Passive: Lionheart,47
48,Kefka Tenebrarum,47 - Kefka Tenebrarum,Kefka Tenebrarum,Avatar,Boss,6,,Passive: Trouble Maker,48
49,Guardian Scorpion,1- Guardian Scorpion,Guardian Scorpion,Avatar,Boss,7,,Passive: Healthy,49
50,Sweeper,2- Sweeper & Grunts,Sweeper & Grunts,Avatar,Boss,7,,Passive: Final Spell,50
51,Air Buster,3 - Air Buster,Air Buster,Avatar,Boss,7,,Passive: Lifestream,51
52,HellHouse1,4 - Hell House,Hell House,Avatar,Boss,7,,Passive: Jump Mastery,52
53,Aps,5 - Aps,Aps,Avatar,Boss,7,,Passive: Loyal,53
54,Reno A,6 - Reno,Reno,Avatar,Boss,7,,Passive: Thievery,54
55,Sample,7 - Sample HO152 & minions,Sample HO & minions,Avatar,Boss,7,,Passive: Spirit March,55
56,Hundred Gunner,8 - Hundred Gunner,Hundred Gunner,Avatar,Boss,7,,Passive: Courage,56
57,Heli Gunner,9 - Heli Gunner,Heli Gunner,Avatar,Boss,7,,Passive: Professional,57
58,Rufus A,10 - Rufus & Dark Nation,Rufus & Dark Nation,Avatar,Boss,7,,Passive: Blizzard Mastery,58
59,Motor Ball,11 - Motor Ball,Motor Ball,Avatar,Boss,7,,Passive: Acceptance,59
60,Zolom,12 - Midgar Zolom,Midgar Zolom,Avatar,Boss,7,,Passive: Corruption,60
61,HellRider,13 - Hell Rider,Hell Rider,Avatar,Boss,7,,Passive: Evasion,61
62,Bottomswell,14 - Bottomswell,Bottomswell,Avatar,Boss,7,,Passive: Area Control,62
63,Jenova BIRTH,15 - Jenova BIRTH,Jenova BIRTH,Avatar,Boss,7,,Passive: Power Surge,63
64,Dyne,16 - Dyne,Dyne,Avatar,Boss,7,,Passive: Auto Haste,64
65,Reno A,17 - Rude,Rude,Avatar,Boss,7,,Passive: Gospel,65
66,Gi Nattak,18 - Gi Nattak & minions,Gi Nattak & minions,Avatar,Boss,7,,Passive: Planet Song,66
67,Ying,19 - Ying,Ying,Avatar,Boss,7,,Passive: High Tide,67
68,Lost Number,20 - Lost Number,Lost Number,Avatar,Boss,7,,Passive: Fury,68
69,Materia Keeper,21 - Materia Keeper,Materia Keeper,Avatar,Boss,7,,Passive: Break Action,69
70,Palmer,22 - Palmer,Palmer,Avatar,Boss,7,,Passive: Bodytemp,70
71,Rapps,23 - Rapps,Rapps,Avatar,Boss,7,,Passive: Slow Cook,71
72,Red Dragon,24 - Red Dragon,Red Dragon,Avatar,Boss,7,,Passive: Affinity,72
73,Demons Gate,25 - Demons Gate,Demons Gate,Avatar,Boss,7,,Passive: Assassin,73
74,Jenova LIFE,26 - Jenova LIFE,Jenova LIFE,Avatar,Boss,7,,Passive: Fire Mastery,74
75,Schizo Left,27 - Schizo,Schizo,Avatar,Boss,7,,Passive: Divine Prayer,75
76,Jenova DEATH,28 - Jenova DEATH,Jenova DEATH,Avatar,Boss,7,,Passive: Branded,76
77,SaphireWeapon,29 - Sapphire Weapon,Sapphire Weapon,Avatar,Boss,7,,Passive: Ogre,77
78,IronGolem7,30 - Iron Golem,Iron Golem,Avatar,Boss,7,,Passive: Immortal,78
79,EagleGun,31 - Eagle Gun,Eagle Gun,Avatar,Boss,7,,Passive: Opener,79
80,GhostShip,32 - GhostShip,Ghost Ship,Avatar,Boss,7,,Passive: Quick Think,80
81,Carry Armor,33 - Carry Armor,Carry Armor,Avatar,Boss,7,,Passive: Rage,81
82,Godo,34 - Godo,Godo,Avatar,Boss,7,,Passive: Red Soul,82
83,DiamondsWeapon,35 - Diamond Weapon,Diamond Weapon,Avatar,Boss,7,,Passive: Mystic Soul,83
84,Elena A,36 - Elena,Elena,Avatar,Boss,7,,Passive: Fallen Knight,84
85,Proudclad,37 - Proudclod,Proudclod,Avatar,Boss,7,,Passive: Alexandria Gleam,85
86,Hojo 1,38 -  Hojo & minions,Hojo & minions,Avatar,Boss,7,,Passive: Rescue,86
87,Hojo 2,39 -  Hojo & minions,Helletic Hojo & minions,Avatar,Boss,7,,Passive: Dark Bow,87
88,Hojo 3,40 -  Hojo,Ult. Lifeform Hojo,Avatar,Boss,7,,Passive: Piracy,88
89,UltimaWeapon7,41 - Ultima Weapon,Ultima Weapon,Avatar,Boss,7,,Passive: Medic,89
90,Jenova SYNTH,42 - Jenova SYNTH,Jenova SYNTH,Avatar,Boss,7,,Passive: Death Embrace,90
91,Sephiroth Bizarro,43 - Bizarro Sephiroth,Bizarro Sephiroth,Avatar,Boss,7,,Passive: Holy Mastery,91
92,Sephiroth Safer,44 -Safer Sephiroth,Safer Sephiroth,Avatar,Boss,7,,Passive: Boost,92
93,TrueSephiroth,45 - True Sephiroth,True Sephiroth,Avatar,Boss,7,,Passive: Break Mastery,93
94,Emerald Weapon Super,46 -Emerlad Weapon, Emerald Weapon,Avatar,Boss,7,,Passive: Guardian Mog,94
95,Ruby Weapon Super,47 - Ruby Weapon,Ruby Weapon,Avatar,Boss,7,,Passive: Unsong Hero,95
96,CitillaraDark,,,Avatar,Boss,7,,Passive: Twisted Hero,96
97,Ifrit8,1 - Ifrit,Ifrit,Avatar,Boss,8,,Passive: Spirit Surge,97
98,Snake,2- Snake,Snake,Avatar,Boss,8,,Passive: Ravager,98
99,Biggs,3 - Biggs & Wedge,Biggs & Wedge,Avatar,Boss,8,,Passive: Ingenious,99
100,Elvoret,4 - Elvoret,Elvoret,Avatar,Boss,8,,Passive: True Retainer,100
101,XATM,5 - Xatm,X-ATM092,Avatar,Boss,8,,Passive: The Best,101
102,Granaldo,6 - Granaldo & minions,Granaldo & minions,Avatar,Boss,8,,Passive: Maternal,102
103,Diablos,7 - Diablos,Diablos,Avatar,Boss,8,,Passive: Charge,103
104,Trex,8 - T-Rexau,T-Rexaur,Avatar,Boss,8,,Passive: Protector,104
105,Gerogero,9 - Gerogero,Gerogero,Avatar,Boss,8,,Passive: Chariot,105
106,Estharsupersoldier,10 - Esthar Soldiers,Esthar Soldiers,Avatar,Boss,8,,Passive: Wisdom,106
107,Brother1,11 - Brothers,Brothers,Avatar,Boss,8,,Passive: Anti Tank,107
108,Iguion,12- Iguions,Iguions,Avatar,Boss,8,,Passive: Rebellion,108
109,Seifer1,13 - Seifer,Seifer,Avatar,Boss,8,,Passive: Comeback,109
110,Edea1,14 - Edea,Edea,Avatar,Boss,8,,Passive: Hot And Cold,110
111,Biggs,15 - Wedge,Biggs and Wedge,Avatar,Boss,8,,Passive: Death Sentence,111
112,BGH1,16 - BGH1,BGH251F2,Avatar,Boss,8,,Passive: Power Soul,112
113,Oilboyle,17 - Oilboyle,Oilboyle,Avatar,Boss,8,,Passive: Kind Soul,113
114,Norg,18 - Norg,Norg,Avatar,Boss,8,,Passive: True Knight,114
115,BGH2,19 - BGH2,BGH251F2 Broken,Avatar,Boss,8,,Passive: Vagrant,115
116,Fujinb,20 - Fujin,Fujin & Raijin,Avatar,Boss,8,,Passive: Mp Pool,116
117,Greensoldier,21 - Green soldiers,Paratroopers,Avatar,Boss,8,,Passive: Last Resort,117
118,Cerberus,22 - Cerberus,Cerberus,Avatar,Boss,8,,Passive: Sleep Mastery,118
119,Seifer1,23 -Seifer & Edea,Seifer & Edea,Avatar,Boss,8,,Passive: Petrify Mastery,119
120,Rubydragon,24 - Ruby Dragon,Ruby Dragon,Avatar,Boss,8,,Passive: Pumice Stone,120
121,IronGiant8,25 - Iron Giant,Iron Giant,Avatar,Boss,8,,Passive: Pilgrimage,121
122,Odin8,26 - Odin,Odin,Avatar,Boss,8,,Passive: Primal Roar,122
123,TonberryKing8,27 - Tonberry King,Tonberry King,Avatar,Boss,8,,Passive: Sentinel,123
124,Abadon,28 - Abadon,Abadon,Avatar,Boss,8,,Passive: True King,124
125,Propagator,29 - Propagator,Propagator,Avatar,Boss,8,,Passive: Physical,125
126,JumboCactuar8,30 - Jumbo Cactuar,Jumbo Cactuar,Spritesheet,Boss,8,,Passive: Magical,126
127,Fujinb,31 - Raijin,Fujin & Raijin,Avatar,Boss,8,,Passive: Spiritual,127
128,Mobiletype8,32 - Mobiletype8,Mobile type 8,Avatar,Boss,8,,Passive: Tough,128
129,Seifer2,33 - Seifer,Seifer,Avatar,Boss,8,,Passive: Tenacity,129
130,Adel,34 - Adel,Adel,Avatar,Boss,8,,Passive: Tenderness,130
131,Sorceress,35 -Sorceresses, Sorceresses,Avatar,Boss,8,,Passive: Tenderless,131
132,Bahamut8,36 - Bahamut,Bahamut,Avatar,Boss,8,,Passive: Versatility,132
133,UltimaWeapon8,37 - Ultima Weapon,Ultima Weapon,Avatar,Boss,8,,Passive: Degradation,133
134,Sphinxaur,38 - Sphinxaur,Sphinxaur,Avatar,Boss,8,,Passive: Dreamer,134
135,Tripoint,39 - Tripoint,Tripoint,Avatar,Boss,8,,Passive: Fate Coin,135
136,Trauma,40 - Trauma,Trauma,Avatar,Boss,8,,Passive: Stone Breaker,136
137,Catoblepas,41- Catoblepas,Catoblepas,Avatar,Boss,8,,Passive: Burmecian Rage,137
138,Tiamat8,42 - Tiamat,Tiamat,Avatar,Boss,8,,Passive: Booyaka,138
139,Ultimecia1,43 - Ultimecia,Ultimecia,Avatar,Boss,8,,Passive: Inner Release,139
140,Griever,44 - Griever,Griever,Avatar,Boss,8,,Passive: Mist Charge,140
141,Ultimecia2,44 - Ultimecia Junctioned,Ultimecia Junctioned,Avatar,Boss,8,,Passive: Saboteur,141
142,Ultimecia3,45 - Ultimecia Time Compression,Ultimecia Time Compression,Avatar,Boss,8,,Passive: Synergist,142
143,Omegaweapon8,,,,,,,Passive: Smirk,143
144,CitillaraDark,,,,,,,Passive: Pandemona Junction,144
145,MaskedMan,1 - Masked Man,Masked Man,Avatar,Boss,9,,Passive: Doma Protector,145
146,Steiner1,2 - Steiner,Steiner,Avatar,Boss,9,,Passive: Synergy,146
147,Steiner2,3 - Steiner & Bomb,Steiner & Bomb,Avatar,Boss,9,,Passive: Sage Wisdom,147
148,PrisonCage,4 - PrisonCage,Prison Cage,Avatar,Boss,9,,Passive: Jester Madness,148
149,PlantBrain,5 - PlantBrain,Plant Brain,Avatar,Boss,9,,,
150,MiniPlant,6 - Plant Spiders,Plant Spiders,Avatar,Boss,9,,,
151,Bw1,7 - Black Waltz & sealion,Black Waltz & Sealion,Avatar,Boss,9,,,
152,Bw2,8 - Black Waltz 2,Black Waltz ,Avatar,Boss,9,,,
153,Bw3,9 - Black Waltz 3,Black Waltz ,Avatar,Boss,9,,,
154,BlackMage,10 - Black Mages,Black Mages,Avatar,Boss,9,,,
155,Gizamaluke,11 - Gizamaluke,Gizamaluke,Avatar,Boss,9,,,
156,Beatrix1,12 - Beatrix,Beatrix,Avatar,Boss,9,,,
157,Bw3Broken,13 - Broken Black Waltz 3,Broken Black Waltz ,Avatar,Boss,9,,,
158,Ralvurahva,14 - Ralvurahva,Ralvurahva,Avatar,Boss,9,,,
159,Antlion9,15 - Antlion,Antlion,Spritesheet,Boss,9,,,
160,AlexandriaTroop,16 - AlexandriaTroop,AlexandriaTroop,Avatar,Boss,9,,,
161,Beatrix1,17 - Beatrix,Beatrix,Avatar,Boss,9,,,
162,Tantarian,18 - Tantarian,Tantarian,Avatar,Boss,9,,,
163,Thorn,19 - Zorn & Thorn,Zorn & Thorn,Spritesheet,Boss,9,,,
164,Beatrix1,20 - Beatrix,Beatrix,Avatar,Boss,9,,,
165,Ralvuimago,21 - Ralvuimago,Ralvuimago,Avatar,Boss,9,,,
166,Lani1,22 - Lani,Lani,Avatar,Boss,9,,,
167,Hilgigars,23 - Hilgigars,Hilgigars,Avatar,Boss,9,,,
168,Soulcage,24 - Soulcage,Soulcage,Spritesheet,Boss,9,,,
169,Amarant1,25 - Amarant,Amarant,Avatar,Boss,9,,,
170,Mistodon,26 - Mistodon,Mistodon,Avatar,Boss,9,,,
171,Ark,27 - Ark,Ark,Avatar,Boss,9,,,
172,ValiaPira,28 - Valia Pira,Valia Pira,Avatar,Boss,9,,,
173,RedDragon9,29 - Red Dragon,Red Dragon,Avatar,Boss,9,,,
174,Meltigemini1,30 - Meltigemini,Meltigemini,Spritesheet,Boss,9,,,
175,Taharka,31 - Taharka,Taharka,Avatar,Boss,9,,,
176,EarthGuardian,32 - Earth Guardian,Earth Guardian,Avatar,Boss,9,,,
177,Amdusias,33 - Amdusias,Amdusias,Avatar,Boss,9,,,
178,Abadon9,34 - Abadon,Abadon,Avatar,Boss,9,,,
179,ShellDragon,35 - ShellDragon,Shell Dragon,Avatar,Boss,9,,,
180,SilverDragon,36 - SilverDragon,Silver Dragon,Avatar,Boss,9,,,
181,Garland9,37 - Garland,Garland,Spritesheet,Boss,9,,,
182,Kuja1,38 - Kuja,Kuja,Avatar,Boss,9,,,
183,NovaDragon,39 - Nova Dragon,Nova Dragon,Avatar,Boss,9,,,
184,Maliris9,40 - Maliris,Maliris,Avatar,Boss,9,,,
185,Tiamat9,41 - Tiamat,Tiamat,Spritesheet,Boss,9,,,
186,Kraken9,42 - Kraken,Kraken,Avatar,Boss,9,,,
187,Lich9,43 - Lich,Lich,Avatar,Boss,9,,,
188,Deathguise,44 - Deathguise,Deathguise,Avatar,Boss,9,,,
189,Kuja2,45 - Trance Kuja,Trance Kuja,Avatar,Boss,9,,,
190,Necron,46 - Necron,Necron,Spritesheet,Boss,9,,,
191,Ozmaboss,47 - Ozma,Ozma,Avatar,Boss,9,,,
192,CitillaraDark,,,Avatar,Boss,9,,,
193,Sinspawn Ammes,1- Sinspawn Ammes,Sinspawn Ammes,Avatar,Boss,10,,,
194,Geosgaeno,2 - Geosgaeno,Geosgaeno,Avatar,Boss,10,,,
195,Klikk,3 - Klikk,Klikk,Avatar,Boss,10,,,
196,Pirahna1,4 - Pirahna,Pirahna,Avatar,Boss,10,,,
197,Nautilus,5 - Nautilus,Nautilus,Avatar,Boss,10,,,
198,KimahriBoss,6 - Kimahri,Kimahri,Avatar,Boss,10,,,
199,Sin fin,7 - Sin,Sin,Avatar,Boss,10,,,
200,Sinspawn Echuilles,8 - Sinspawn Echuilles,Sinspawn Echuilles,Avatar,Boss,10,,,
201,Ochu,9 - Ochu,Ochu,Avatar,Boss,10,,,
202,Sinspawn Geneaux,10 - Sinspawn Geneaux,Sinspawn Geneaux,Avatar,Boss,10,,,
203,Oblitzerator,11 - Oblitzerator,Oblitzerator,Avatar,Boss,10,,,
204,Sahagin1,12 - Sahagin,Sahagin,Avatar,Boss,10,,,
205,Garuda,13 - Garuda,Garuda,Avatar,Boss,10,,,
206,Belgemine1,14 - Belgemine & Ifrit,Belgemine & Ifrit,Avatar,Boss,10,,,
207,Chocobo Eater,15 - Chocobo Eater,Chocobo Eater,Avatar,Boss,10,,,
208,Sinspawn Gui 1,16 - Sinspawn Gui,Sinspawn Gui,Avatar,Boss,10,,,
209,Djose1,17 - Djose Highroad trio,Djose Highroad trio,Avatar,Boss,10,,,
210,Belgemine2,18 - Belgemine & Ixion,Belgemine & Ixion,Avatar,Boss,10,,,
211,Extractor,19 - Extractor,Extractor,Avatar,Boss,10,,,
212,Golem10,20 - Iron Golem,Iron Golem,Avatar,Boss,10,,,
213,Spherimorph,21 - Spherimorph,Spherimorph,Avatar,Boss,10,,,
214,Crawler,22 - Crawler,Crawler,Avatar,Boss,10,,,
215,SeymourBoss,23 - Seymour,Seymour,Avatar,Boss,10,,,
216,Wendigo,24 - Wendigo,Wendigo,Avatar,Boss,10,,,
217,Guado,25 - Guado & Bomb,Guado & Bomb,Avatar,Boss,10,,,
218,Evrae,26 - Evrae,Evrae,Avatar,Boss,10,,,
219,Guard,27 - Bevelle Guards and YKT-63,Bevelle Guards and YKT-63,Avatar,Boss,10,,,
220,Evrae Zombie,28 - Evrae Zombie,Evrae Zombie,Avatar,Boss,10,,,
221,Isaaru1,29 - Isaaru & Valefor,Isaaru & Valefor,Avatar,Boss,10,,,
222,Isaaru2,30 - Isaaru & ifrit,Isaaru & ifrit,Avatar,Boss,10,,,
223,Isaaru3,31- Isaaru & Bahamut,Isaaru & Bahamut,Avatar,Boss,10,,,
224,Seymour Natus,32 - Seymour  Natus & Mortibody,Seymour  Natus & Mortibody,Avatar,Boss,10,,,
225,Defender X,33 - Defender X,Defender X,Avatar,Boss,10,,,
226,Yojimbo,34 - Yojimbo,Yojimbo,Avatar,Boss,10,,,
227,Biran,35 - Biran & Yenke,Biran & Yenke,Avatar,Boss,10,,,
228,Seymour Flux,36 - Seymour Flux,Seymour Flux,Avatar,Boss,10,,,
229,Sanctuary Keeper,37 - Sanctuary Keeper,Sanctuary Keeper,Avatar,Boss,10,,,
230,Behemot,38 - Behemot,Behemot,Avatar,Boss,10,,,
231,Spectral Keeper,39 - Spectral Keeper,Spectral Keeper,Avatar,Boss,10,,,
232,Yunalesca1,40 - Yunalesca,Yunalesca,Avatar,Boss,10,,,
233,Yunalesca2,41 - Yunalesca 2nd form,Yunalesca 2nd form,Avatar,Boss,10,,,
234,Yunalesca3,42 - Yunalesca final form,Yunalesca Final form,Avatar,Boss,10,,,
235,Sin,43 - Sin,Sin,Avatar,Boss,10,,,
236,Seymour Omnisboss,44 - SeymourOmnis,Seymour Omnis,Avatar,Boss,10,,,
237,Bfa,45 - BFA Jecht,BFA Jecht,Avatar,Boss,10,,,
238,Yu Yevon,46 - YuYevon,Yu Yevon,Avatar,Boss,10,,,
239,CitillaraDark,,,Avatar,Boss,10,,,
240,Ace,Ace,Ace,Avatar,Hire,HIRE,,,
241,Aeris,Aeris,Aeris,Avatar,Hire,HIRE,,,
242,Agrias,Agrias,Agrias,Avatar,Hire,HIRE,,,
243,Alisaie,Alisaie,Alisaie,Avatar,Hire,HIRE,,,
244,Alphinaud,Alphinaud,Alphinaud,Avatar,Hire,HIRE,,,
245,Amarant,Amarant,Amarant,Avatar,Hire,HIRE,,,
246,Ashe,Ashe,Ashe,Avatar,Hire,HIRE,,,
247,Auron Young,Auron Young,Auron (Y),Avatar,Hire,HIRE,,,
248,Auron,Auron,Auron,Avatar,Hire,HIRE,,,
249,Balthier,Balthier,Balthier,Avatar,Hire,HIRE,,,
250,Barret,Barret,Barret,Avatar,Hire,HIRE,,,
251,Bartz,Bartz,Bartz,Avatar,Hire,HIRE,,,
252,Basch,Basch,Basch,Avatar,Hire,HIRE,,,
253,Beatrix Beach,Beatrix Beach,Beatrix (B),Avatar,Hire,HIRE,,,
254,Beatrix,Beatrix,Beatrix,Avatar,Hire,HIRE,,,
255,Blank,Blank,Blank,Avatar,Hire,HIRE,,,
256,Braska,Braska,Braska,Avatar,Hire,HIRE,,,
257,Cait Sith,Cait Sith,Cait Sith,Avatar,Hire,HIRE,,,
258,Cecil Paladin,Cecil Paladin,Cecil Paladin,Avatar,Hire,HIRE,,,
259,Cecil,Cecil,Cecil,Avatar,Hire,HIRE,,,
260,Celes Opera,Celes Opera,Celes (O),Avatar,Hire,HIRE,,,
261,Celes,Celes,Celes,Avatar,Hire,HIRE,,,
262,Chocobo Black,Chocobo Black,Chocobo (B),spritesheet,Hire,HIRE,,,
263,Chocobo Red,Chocobo Red,Chocobo (R),spritesheet,Hire,HIRE,,,
264,Chocobo,Chocobo,Chocobo (Y),spritesheet,Hire,HIRE,,,
265,Cid 4,Cid ff4,Cid FF4,Avatar,Hire,HIRE,,,
266,Cid 7,Cid ff7,Cid FF7,Avatar,Hire,HIRE,,,
267,Clive,Clive,Clive,Avatar,Hire,HIRE,,,
268,Cloud Ac,Cloud Ac,Cloud (AC),Avatar,Hire,HIRE,,,
269,Cloud Dress,Cloud Dress,Cloud (D),Avatar,Hire,HIRE,,,
270,Cod,Cloud Of Darkness,Cloud Of Darkness,Avatar,Hire,HIRE,,,
271,Cloud,Cloud,Cloud,Avatar,Hire,HIRE,,,
272,Cor,Cor,Cor,Avatar,Hire,HIRE,,,
273,Cyan,Cyan,Cyan,Avatar,Hire,HIRE,,,
274,Dark Invoker,Dark Invoker,Dark Invoker,Avatar,Hire,HIRE,,,
275,Delita,Delita,Delita,Avatar,Hire,HIRE,,,
276,Desch,Desch,Desch,Avatar,Hire,HIRE,,,
277,Edea Matron,Edea Matron,Edea (M),Avatar,Hire,HIRE,,,
278,Edea,Edea,Edea,Avatar,Hire,HIRE,,,
279,Edgar,Edgar,Edgar,Avatar,Hire,HIRE,,,
280,Edge,Edge,Edge,Avatar,Hire,HIRE,,,
281,Eiko,Eiko,Eiko,Avatar,Hire,HIRE,,,
282,Elena,Elena,Elena,Avatar,Hire,HIRE,,,
283,Emperor,Emperor,Emperor,Avatar,Hire,HIRE,,,
284,Estinien,Estinien,Estinien,Avatar,Hire,HIRE,,,
285,Fang,Fang,Fang,Avatar,Hire,HIRE,,,
286,Faris,Faris,Faris,Avatar,Hire,HIRE,,,
287,Firion,Firion,Firion,Avatar,Hire,HIRE,,,
288,Fran,Fran,Fran,Avatar,Hire,HIRE,,,
289,Freya,Freya,Freya,Avatar,Hire,HIRE,,,
290,Fujin,Fujin,Fujin,Avatar,Hire,HIRE,,,
291,Galuf,Galuf,Galuf,Avatar,Hire,HIRE,,,
292,Garland,Garland,Garland,Avatar,Hire,HIRE,,,
293,Garnet Summoner,Garnet Summoner,Garnet Summoner,Avatar,Hire,HIRE,,,
294,Garnet,Garnet,Garnet,Avatar,Hire,HIRE,,,
295,Genesis,Genesis,Genesis,Avatar,Hire,HIRE,,,
296,Gilgamesh,Gilgamesh,Gilgamesh,Avatar,Hire,HIRE,,,
297,Gladio,Gladio,Gladio,Avatar,Hire,HIRE,,,
298,Gogo,Gogo,Gogo,Avatar,Hire,HIRE,,,
299,Gordon,Gordon,Gordon,Avatar,Hire,HIRE,,,
300,Guy,Guy,Guy,Avatar,Hire,HIRE,,,
301,Hope,Hope,Hope,Avatar,Hire,HIRE,,,
302,Ignis,Ignis,Ignis,Avatar,Hire,HIRE,,,
303,Ingus,Ingus,Ingus,Avatar,Hire,HIRE,,,
304,Irvine,Irvine,Irvine,Avatar,Hire,HIRE,,,
305,Isaaru,Isaaru,Isaaru,Avatar,Hire,HIRE,,,
306,Jecht,Jecht,Jecht,Avatar,Hire,HIRE,,,
307,Jill,Jill,Jill,Avatar,Hire,HIRE,,,
308,Joshua,Joshua,Joshua,Avatar,Hire,HIRE,,,
309,Kain,Kain,Kain,Avatar,Hire,HIRE,,,
310,Kefka,Kefka,Kefka,Avatar,Hire,HIRE,,,
311,Kimahri,Kimahri,Kimahri,Avatar,Hire,HIRE,,,
312,Kiros,Kiros,Kiros,Avatar,Hire,HIRE,,,
313,Kuja,Kuja,Kuja,Avatar,Hire,HIRE,,,
314,Laguna,Laguna,Laguna,Avatar,Hire,HIRE,,,
315,Lenna,Lenna,Lenna,Avatar,Hire,HIRE,,,
316,Leon,Leon,Leon,Avatar,Hire,HIRE,,,
317,Lightning,Lightning,Lightning,Avatar,Hire,HIRE,,,
318,Locke,Locke,Locke,Avatar,Hire,HIRE,,,
319,Lulu,Lulu,Lulu,Avatar,Hire,HIRE,,,
320,Luneth,Luneth,Luneth,Avatar,Hire,HIRE,,,
321,Luneth Ninja,Luneth Ninja,Luneth Ninja,Avatar,hire,HIRE,,,
322,Luneth Sage,Luneth Sage,Luneth Sage,Avatar,hire,HIRE,,,
323,Marcus,Marcus,Marcus,Avatar,Hire,HIRE,,,
324,Margy,Margy,Margy,Avatar,Hire,HIRE,,,
325,Maria,Maria,Maria,Avatar,Hire,HIRE,,,
326,Matoya,Matoya,Matoya,Avatar,Hire,HIRE,,,
327,Metuba,Metuba,Metuba,Avatar,Hire,HIRE,,,
328,Minwu,Minwu,Minwu,Avatar,Hire,HIRE,,,
329,Mog,Mog,Mog,Avatar,Hire,HIRE,,,
330,Noctis,Noctis,Noctis,Avatar,Hire,HIRE,,,
331,Orlandeau,Orlandeau,Orlandeau,Avatar,Hire,HIRE,,,
332,Ovelia,Ovelia,Ovelia,Avatar,Hire,HIRE,,,
333,Ozma,Ozma,Ozma,Spritesheet,Hire,HIRE,,,
334,Paine,Paine,Paine,Avatar,Hire,HIRE,,,
335,Palom,Palom,Palom,Avatar,Hire,HIRE,,,
336,Penelo,Penelo,Penelo,Avatar,Hire,HIRE,,,
337,Porom,Porom,Porom,Avatar,Hire,HIRE,,,
338,Prompto,Prompto,Prompto,Avatar,Hire,HIRE,,,
339,Pupu,Pupu,Pupu,Avatar,Hire,HIRE,,,
340,Queen,Queen,Queen,Avatar,Hire,HIRE,,,
341,Quina,Quina,Quina,Avatar,Hire,HIRE,,,
342,Quistis,Quistis,Quistis,Avatar,Hire,HIRE,,,
343,Raijin,Raijin,Raijin,Avatar,Hire,HIRE,,,
344,Ramza,Ramza,Ramza,Avatar,Hire,HIRE,,,
345,Red Xiii,Red Xiii,Red Xiii,Avatar,Hire,HIRE,,,
346,Relm,Relm,Relm,Avatar,Hire,HIRE,,,
347,Reno,Reno,Reno,Avatar,Hire,HIRE,,,
348,Rikku X2,Rikku X2,Rikku X,Avatar,Hire,HIRE,,,
349,Rikku,Rikku,Rikku,Avatar,Hire,HIRE,,,
350,Rinoa,Rinoa,Rinoa,Avatar,Hire,HIRE,,,
351,Rosa,Rosa,Rosa,Avatar,Hire,HIRE,,,
352,Rubicante,Rubicante,Rubicante,Avatar,Hire,HIRE,,,
353,Rude,Rude,Rude,Avatar,Hire,HIRE,,,
354,Rufus,Rufus,Rufus,Avatar,Hire,HIRE,,,
355,Rydia,Rydia,Rydia,Avatar,Hire,HIRE,,,
356,Sabin,Sabin,Sabin,Avatar,Hire,HIRE,,,
357,Sazh,Sazh,Sazh,Avatar,Hire,HIRE,,,
358,Seifer,Seifer,Seifer,Avatar,Hire,HIRE,,,
359,Selphie,Selphie,Selphie,Avatar,Hire,HIRE,,,
360,Sephiroth,Sephiroth,Sephiroth,Avatar,Hire,HIRE,,,
361,Seymour Omnis,Seymour Omnis,Seymour Omnis,Avatar,Hire,HIRE,,,
362,Seymour,Seymour,Seymour,Avatar,Hire,HIRE,,,
363,Shadow,Shadow,Shadow,Avatar,Hire,HIRE,,,
364,Shantotto,Shantotto,Shantotto,Avatar,Hire,HIRE,,,
365,Silenrea,Silenrea,Silenrea,Avatar,Hire,HIRE,,,
366,Snow,Snow,Snow,Avatar,Hire,HIRE,,,
367,Solanin,Solanin,Solanin,Avatar,Hire,HIRE,,,
368,Squall Space,Squall Space,Squall Space,Avatar,Hire,HIRE,,,
369,Squall,Squall,Squall,Avatar,Hire,HIRE,,,
370,Steiner,Steiner,Steiner,Avatar,Hire,HIRE,,,
371,Tellah,Tellah,Tellah,Avatar,Hire,HIRE,,,
372,Terra,Terra,Terra,Avatar,Hire,HIRE,,,
373,Thancred,Thancred,Thancred,Avatar,Hire,HIRE,,,
374,Tidus,Tidus,Tidus,Avatar,Hire,HIRE,,,
375,Tifa Ac,Tifa Ac,Tifa Ac,Avatar,Hire,HIRE,,,
376,Tifa Dress,Tifa Dress,Tifa Dress,Avatar,Hire,HIRE,,,
377,Tifa,Tifa,Tifa,Avatar,Hire,HIRE,,,
378,Torgal,Torgal,Torgal,Avatar,Hire,HIRE,,,
379,Ultimecia,Ultimecia,Ultimecia,Avatar,Hire,HIRE,,,
380,Umaro,Umaro,Umaro,Avatar,Hire,HIRE,,,
381,Vaan,Vaan,Vaan,Avatar,Hire,HIRE,,,
382,Vanille,Vanille,Vanille,Avatar,Hire,HIRE,,,
383,Vegeta,Vegeta,Vegeta,Avatar,Hire,HIRE,,,
384,Vincent,Vincent,Vincent,Avatar,Hire,HIRE,,,
385,Vivi,Vivi,Vivi,Avatar,Hire,HIRE,,,
386,Wakka,Wakka,Wakka,Avatar,Hire,HIRE,,,
387,Ward,Ward,Ward,Avatar,Hire,HIRE,,,
388,Wol,Wol,Wol,Avatar,Hire,HIRE,,,
389,Yshtola,Yshtola,Yshtola,Avatar,Hire,HIRE,,,
390,Yuffie,Yuffie,Yuffie,Avatar,Hire,HIRE,,,
391,Yuna X2,Yuna X2,Yuna (X2),Avatar,Hire,HIRE,,,
392,Yuna,Yuna,Yuna,Avatar,Hire,HIRE,,,
393,Yunalesca,Yunalesca,Yunalesca,Avatar,Hire,HIRE,,,
394,Zack,Zack,Zack,Avatar,Hire,HIRE,,,
395,Zell,Zell,Zell,Avatar,Hire,HIRE,,,
396,Zidane,Zidane,Zidane,Avatar,Hire,HIRE,,,
397,testboss,,Waiting to Start,,,,,,
398,test boss,,Waiting to Start,,,,,,
399,,,,,,,,,
400,,,,,,,,,
401,,,,,,,,,
402,,,,,,,,,
403,,,,,,,,,
404,,,,,,,,,
405,,,,,,,,,
406,,,,,,,,,
407,,,,,,,,,
408,,,,,,,,,
409,,,,,,,,,
410,,,,,,,,,
411,,,,,,,,,
412,,,,,,,,,
413,,,,,,,,,
414,,,,,,,,,
415,,,,,,,,,
416,,,,,,,,,
417,,,,,,,,,
418,,,,,,,,,
419,,,,,,,,,
420,,,,,,,,,
421,,,,,,,,,
422,,,,,,,,,
423,,,,,,,,,
424,,,,,,,,,
425,,,,,,,,,
426,,,,,,,,,
427,,,,,,,,,
428,,,,,,,,,
429,,,,,,,,,
430,,,,,,,,,
431,,,,,,,,,
432,,,,,,,,,
433,,,,,,,,,
434,,,,,,,,,
435,,,,,,,,,
436,,,,,,,,,
437,,,,,,,,,
438,,,,,,,,,
439,,,,,,,,,
440,,,,,,,,,
441,,,,,,,,,
442,,,,,,,,,
443,,,,,,,,,
444,,,,,,,,,
445,,,,,,,,,
446,,,,,,,,,
447,,,,,,,,,
448,,,,,,,,,
449,,,,,,,,,
450,,,,,,,,,
451,,,,,,,,,
452,,,,,,,,,
453,,,,,,,,,
454,,,,,,,,,
455,,,,,,,,,
456,,,,,,,,,
457,,,,,,,,,
458,,,,,,,,,
459,,,,,,,,,
460,,,,,,,,,
461,,,,,,,,,
462,,,,,,,,,
463,,,,,,,,,
464,,,,,,,,,
465,,,,,,,,,
466,,,,,,,,,
467,,,,,,,,,
468,,,,,,,,,
469,,,,,,,,,
470,,,,,,,,,
471,,,,,,,,,
472,,,,,,,,,
473,,,,,,,,,
474,,,,,,,,,
475,,,,,,,,,
476,,,,,,,,,
477,,,,,,,,,
478,,,,,,,,,
479,,,,,,,,,
480,,,,,,,,,
481,,,,,,,,,
482,,,,,,,,,
483,,,,,,,,,
484,,,,,,,,,
485,,,,,,,,,
486,,,,,,,,,
487,,,,,,,,,
488,,,,,,,,,
489,,,,,,,,,
490,,,,,,,,,
491,,,,,,,,,
492,,,,,,,,,
493,,,,,,,,,
494,,,,,,,,,
495,,,,,,,,,
496,,,,,,,,,
497,,,,,,,,,
498,,,,,,,,,
499,,,,,,,,,
500,,,,,,,,,
501,,,,,,,,,
502,,,,,,,,,
503,,,,,,,,,
504,,,,,,,,,
505,,,,,,,,,
506,,,,,,,,,
507,,,,,,,,,
508,,,,,,,,,
509,,,,,,,,,
510,,,,,,,,,
511,,,,,,,,,
512,,,,,,,,,
513,,,,,,,,,
514,,,,,,,,,
515,,,,,,,,,
516,,,,,,,,,
517,,,,,,,,,
518,,,,,,,,,
519,,,,,,,,,
520,,,,,,,,,
521,,,,,,,,,
522,,,,,,,,,
523,,,,,,,,,
524,,,,,,,,,
525,,,,,,,,,
526,,,,,,,,,
527,,,,,,,,,
528,,,,,,,,,
529,,,,,,,,,
530,,,,,,,,,
531,,,,,,,,,
532,,,,,,,,,
533,,,,,,,,,
534,,,,,,,,,
535,,,,,,,,,
536,,,,,,,,,
537,,,,,,,,,
538,,,,,,,,,
539,,,,,,,,,
540,,,,,,,,,
541,,,,,,,,,
542,,,,,,,,,
543,,,,,,,,,
544,,,,,,,,,
545,,,,,,,,,
546,,,,,,,,,
547,,,,,,,,,
548,,,,,,,,,
549,,,,,,,,,
550,,,,,,,,,
551,,,,,,,,,
552,,,,,,,,,
553,,,,,,,,,
554,,,,,,,,,
555,,,,,,,,,
556,,,,,,,,,
557,,,,,,,,,
558,,,,,,,,,
559,,,,,,,,,
560,,,,,,,,,
561,,,,,,,,,
562,,,,,,,,,
563,,,,,,,,,
564,,,,,,,,,
565,,,,,,,,,
566,,,,,,,,,
567,,,,,,,,,
568,,,,,,,,,
569,,,,,,,,,
570,,,,,,,,,
571,,,,,,,,,
572,,,,,,,,,
573,,,,,,,,,
574,,,,,,,,,
575,,,,,,,,,
576,,,,,,,,,
577,,,,,,,,,
578,,,,,,,,,
579,,,,,,,,,
580,,,,,,,,,
581,,,,,,,,,
582,,,,,,,,,
583,,,,,,,,,
584,,,,,,,,,
585,,,,,,,,,
586,,,,,,,,,
587,,,,,,,,,
588,,,,,,,,,
589,,,,,,,,,
590,,,,,,,,,
591,,,,,,,,,
592,,,,,,,,,
593,,,,,,,,,
594,,,,,,,,,
595,,,,,,,,,
596,,,,,,,,,
597,,,,,,,,,
598,,,,,,,,,
599,,,,,,,,,
600,,,,,,,,,
601,,,,,,,,,
602,,,,,,,,,
603,,,,,,,,,
604,,,,,,,,,
605,,,,,,,,,
606,,,,,,,,,
607,,,,,,,,,
608,,,,,,,,,
609,,,,,,,,,
610,,,,,,,,,
611,,,,,,,,,
612,,,,,,,,,
613,,,,,,,,,
614,,,,,,,,,
615,,,,,,,,,
616,,,,,,,,,
617,,,,,,,,,
618,,,,,,,,,
619,,,,,,,,,
620,,,,,,,,,
621,,,,,,,,,
622,,,,,,,,,
623,,,,,,,,,
624,,,,,,,,,
625,,,,,,,,,
626,,,,,,,,,
627,,,,,,,,,
628,,,,,,,,,
629,,,,,,,,,
630,,,,,,,,,
631,,,,,,,,,
632,,,,,,,,,
633,,,,,,,,,
634,,,,,,,,,
635,,,,,,,,,
636,,,,,,,,,
637,,,,,,,,,
638,,,,,,,,,
639,,,,,,,,,
640,,,,,,,,,
641,,,,,,,,,
642,,,,,,,,,
643,,,,,,,,,
644,,,,,,,,,
645,,,,,,,,,
646,,,,,,,,,
647,,,,,,,,,
648,,,,,,,,,
649,,,,,,,,,
650,,,,,,,,,
651,,,,,,,,,
652,,,,,,,,,
653,,,,,,,,,
654,,,,,,,,,
655,,,,,,,,,
656,,,,,,,,,
657,,,,,,,,,
658,,,,,,,,,
659,,,,,,,,,
660,,,,,,,,,
661,,,,,,,,,
662,,,,,,,,,
663,,,,,,,,,
664,,,,,,,,,
665,,,,,,,,,
666,,,,,,,,,
667,,,,,,,,,
668,,,,,,,,,
669,,,,,,,,,
670,,,,,,,,,
671,,,,,,,,,
672,,,,,,,,,
673,,,,,,,,,
674,,,,,,,,,
675,,,,,,,,,
676,,,,,,,,,
677,,,,,,,,,
678,,,,,,,,,
679,,,,,,,,,
680,,,,,,,,,
681,,,,,,,,,
682,,,,,,,,,
683,,,,,,,,,
684,,,,,,,,,
685,,,,,,,,,
686,,,,,,,,,
687,,,,,,,,,
688,,,,,,,,,
689,,,,,,,,,
690,,,,,,,,,
691,,,,,,,,,
692,,,,,,,,,
693,,,,,,,,,
694,,,,,,,,,
695,,,,,,,,,
696,,,,,,,,,
697,,,,,,,,,
698,,,,,,,,,
699,,,,,,,,,
700,,,,,,,,,
701,,,,,,,,,
702,,,,,,,,,
703,,,,,,,,,
704,,,,,,,,,
705,,,,,,,,,
706,,,,,,,,,
707,,,,,,,,,
708,,,,,,,,,
709,,,,,,,,,
710,,,,,,,,,
711,,,,,,,,,
712,,,,,,,,,
713,,,,,,,,,
714,,,,,,,,,
715,,,,,,,,,
716,,,,,,,,,
717,,,,,,,,,
718,,,,,,,,,
719,,,,,,,,,
720,,,,,,,,,
721,,,,,,,,,
722,,,,,,,,,
723,,,,,,,,,
724,,,,,,,,,
725,,,,,,,,,
726,,,,,,,,,
727,,,,,,,,,
728,,,,,,,,,
729,,,,,,,,,
730,,,,,,,,,
731,,,,,,,,,
732,,,,,,,,,
733,,,,,,,,,
734,,,,,,,,,
735,,,,,,,,,
736,,,,,,,,,
737,,,,,,,,,
738,,,,,,,,,
739,,,,,,,,,
740,,,,,,,,,
741,,,,,,,,,
742,,,,,,,,,
743,,,,,,,,,
744,,,,,,,,,
745,,,,,,,,,
746,,,,,,,,,
747,,,,,,,,,
748,,,,,,,,,
749,,,,,,,,,
750,,,,,,,,,
751,,,,,,,,,
752,,,,,,,,,
753,,,,,,,,,
754,,,,,,,,,
755,,,,,,,,,
756,,,,,,,,,
757,,,,,,,,,
758,,,,,,,,,
759,,,,,,,,,
760,,,,,,,,,
761,,,,,,,,,
762,,,,,,,,,
763,,,,,,,,,
764,,,,,,,,,
765,,,,,,,,,
766,,,,,,,,,
767,,,,,,,,,
768,,,,,,,,,
769,,,,,,,,,
770,,,,,,,,,
771,,,,,,,,,
772,,,,,,,,,
773,,,,,,,,,
774,,,,,,,,,
775,,,,,,,,,
776,,,,,,,,,
777,,,,,,,,,
778,,,,,,,,,
779,,,,,,,,,
780,,,,,,,,,
781,,,,,,,,,
782,,,,,,,,,
783,,,,,,,,,
784,,,,,,,,,
785,,,,,,,,,
786,,,,,,,,,
787,,,,,,,,,
788,,,,,,,,,
789,,,,,,,,,
790,,,,,,,,,
791,,,,,,,,,
792,,,,,,,,,
793,,,,,,,,,
794,,,,,,,,,
795,,,,,,,,,
796,,,,,,,,,
797,,,,,,,,,
798,,,,,,,,,
799,,,,,,,,,
800,,,,,,,,,
801,,,,,,,,,
802,,,,,,,,,
803,,,,,,,,,
804,,,,,,,,,
805,,,,,,,,,
806,,,,,,,,,
807,,,,,,,,,
808,,,,,,,,,
809,,,,,,,,,
810,,,,,,,,,
811,,,,,,,,,
812,,,,,,,,,
813,,,,,,,,,
814,,,,,,,,,
815,,,,,,,,,
816,,,,,,,,,
817,,,,,,,,,
818,,,,,,,,,
819,,,,,,,,,
820,,,,,,,,,
821,,,,,,,,,
822,,,,,,,,,
823,,,,,,,,,
824,,,,,,,,,
825,,,,,,,,,
826,,,,,,,,,
827,,,,,,,,,
828,,,,,,,,,
829,,,,,,,,,
830,,,,,,,,,
831,,,,,,,,,
832,,,,,,,,,
833,,,,,,,,,
834,,,,,,,,,
835,,,,,,,,,
836,,,,,,,,,
837,,,,,,,,,
838,,,,,,,,,
839,,,,,,,,,
840,,,,,,,,,
841,,,,,,,,,
842,,,,,,,,,
843,,,,,,,,,
844,,,,,,,,,
845,,,,,,,,,
846,,,,,,,,,
847,,,,,,,,,
848,,,,,,,,,
849,,,,,,,,,
850,,,,,,,,,
851,,,,,,,,,
852,,,,,,,,,
853,,,,,,,,,
854,,,,,,,,,
855,,,,,,,,,
856,,,,,,,,,
857,,,,,,,,,
858,,,,,,,,,
859,,,,,,,,,
860,,,,,,,,,
861,,,,,,,,,
862,,,,,,,,,
863,,,,,,,,,
864,,,,,,,,,
865,,,,,,,,,
866,,,,,,,,,
867,,,,,,,,,
868,,,,,,,,,
869,,,,,,,,,
870,,,,,,,,,
871,,,,,,,,,
872,,,,,,,,,
873,,,,,,,,,
874,,,,,,,,,
875,,,,,,,,,
876,,,,,,,,,
877,,,,,,,,,
878,,,,,,,,,
879,,,,,,,,,
880,,,,,,,,,
881,,,,,,,,,
882,,,,,,,,,
883,,,,,,,,,
884,,,,,,,,,
885,,,,,,,,,
886,,,,,,,,,
887,,,,,,,,,
888,,,,,,,,,
889,,,,,,,,,
890,,,,,,,,,
891,,,,,,,,,
892,,,,,,,,,
893,,,,,,,,,
894,,,,,,,,,
895,,,,,,,,,
896,,,,,,,,,
897,,,,,,,,,
898,,,,,,,,,
899,,,,,,,,,
900,,,,,,,,,
901,,,,,,,,,
902,,,,,,,,,
903,,,,,,,,,
904,,,,,,,,,
905,,,,,,,,,
906,,,,,,,,,
907,,,,,,,,,
908,,,,,,,,,
909,,,,,,,,,
910,,,,,,,,,
911,,,,,,,,,
912,,,,,,,,,
913,,,,,,,,,
914,,,,,,,,,
915,,,,,,,,,
916,,,,,,,,,
917,,,,,,,,,
918,,,,,,,,,
919,,,,,,,,,
920,,,,,,,,,
921,,,,,,,,,
922,,,,,,,,,
923,,,,,,,,,
924,,,,,,,,,
925,,,,,,,,,
926,,,,,,,,,
927,,,,,,,,,
928,,,,,,,,,
929,,,,,,,,,
930,,,,,,,,,
931,,,,,,,,,
932,,,,,,,,,
933,,,,,,,,,
934,,,,,,,,,
935,,,,,,,,,
936,,,,,,,,,
937,,,,,,,,,
938,,,,,,,,,
939,,,,,,,,,
940,,,,,,,,,
941,,,,,,,,,
942,,,,,,,,,
943,,,,,,,,,
944,,,,,,,,,
945,,,,,,,,,
946,,,,,,,,,
947,,,,,,,,,
948,,,,,,,,,
949,,,,,,,,,
950,,,,,,,,,
951,,,,,,,,,
952,,,,,,,,,
953,,,,,,,,,
954,,,,,,,,,
955,,,,,,,,,
956,,,,,,,,,
957,,,,,,,,,
958,,,,,,,,,
959,,,,,,,,,
960,,,,,,,,,
961,,,,,,,,,
962,,,,,,,,,
963,,,,,,,,,
964,,,,,,,,,
965,,,,,,,,,
966,,,,,,,,,
967,,,,,,,,,
968,,,,,,,,,
969,,,,,,,,,
970,,,,,,,,,
971,,,,,,,,,
972,,,,,,,,,
973,,,,,,,,,
974,,,,,,,,,
975,,,,,,,,,
976,,,,,,,,,
977,,,,,,,,,
978,,,,,,,,,
979,,,,,,,,,
980,,,,,,,,,
981,,,,,,,,,
982,,,,,,,,,
983,,,,,,,,,
984,,,,,,,,,
985,,,,,,,,,
986,,,,,,,,,
987,,,,,,,,,
988,,,,,,,,,
989,,,,,,,,,
990,,,,,,,,,
991,,,,,,,,,
992,,,,,,,,,
993,,,,,,,,,
994,,,,,,,,,
995,,,,,,,,,
996,,,,,,,,,
997,,,,,,,,,
998,,,,,,,,,
999,,,,,,,,,
1000,,,,,,,,,
